11111111111,memduh,esendal,1000000001,2011
11111111112,halil,arabaci,1000000002,2010
11111111113,berkecan,pekcan,1000000003,2010
11111111114,ozge,yilmaz,1000000004,2012
11111111115,durdu,duran,1000000005,2013
11111111116,seyfullah,becerikli,1000000006,2012
11111111117,seydanur,cakar,1000000007,2012
11111111118,sevgi,borazan,1000000008,2011
11111111119,tuba,sapmaz,1000000009,2011
11111111120,erdem,yener,1000000111,2010
11111111121,fatih,solmaz,1000000010,2010
11111111122,fatma nur,disci,1000000011,2013
11111111123,serife,ak,1000000012,2011
11111111124,merve,karagoz,1000000013,2010
11111111125,busra,kayalak,1000000014,2010
11111111126,sumeyra,olmez,1000000015,2013
11111111127,merve,olmez,1000000016,2010
11111111128,talha,saydam,1000000017,2014
11111111129,esra,kaymak,1000000018,2011
11111111130,mustafa,seker,1000000019,2011
11111111131,charlotte,pearce,1000000021,2011
11111111132,ali,sunal,1000000022,2010
11111111133,kemal,sunal,1000000023,2010
11111111134,gulsen,bubikoglu,1000000024,2012
11111111135,oyku,karayel,1000000025,2010
11111111136,asli,tandogan,1000000026,2012
11111111137,damla,kilic,1000000027,2011
11111111138,feyza,konuklar,1000000028,2011
11111111139,kadir,kose,1000000029,2010
11111111140,muhammed musab,cevik,1000000030,2012
11111111141,zubeyde,yel,1000000031,2010
11111111142,salim,susmaz,1000000032,2011
11111111143,mustafa,dogan,1000000033,2012
11111111144,muzaffer,erdi,1000000034,2013
11111111145,deniz,ercetin,1000000035,2014
11111111146,selin,kobal,1000000036,2009
11111111147,johnn,faber,1000000037,2008
11111111148,faber,castell,1000000038,2008
11111111149,wilma,elles,1000000039,2007
11111111150,jason,pearce,1000000040,2009
11111111151,suzan,aksoy,1000000041,2010
11111111152,bulut,semiz,1000000042,2010
11111111153,seyda,kizmaz,1000000043,2011
11111111154,begum,dar,1000000044,2008
11111111155,ahmet,ozyilmaz,1000000045,2009
11111111156,furkan,tektas,1000000046,2007
11111111157,engin,subasi,1000000047,2005
11111111158,jack,dorsey,1000000048,2007
11111111159,segei,brin,1000000049,2010
11111111160,larry,page,1000000050,2010
